Row,Column,Current at 2V_amps_boxcox,IV_SSR_boxcox
A,2,-5.679907299,-15.85431423
A,4,-5.670918737,-17.35111768
A,6,-5.553978804,-16.15910346
A,1,,
A,3,,
A,5,,
A,7,,
A,8,,
B,3,-5.608179373,-19.95255098
B,5,-5.607512099,-16.56804758
B,7,-5.782179475,-16.83619706
B,2,,
B,4,,
B,6,,
B,8,,
C,2,-5.5533053,-16.67476228
C,4,-5.626910591,-18.45906976
C,6,-5.835504291,-17.41322956
C,3,,
C,5,,
C,7,,
C,8,,